ev_date,method,series_type,value,actual_value,forecast_value,is_forecast,forecast_day,forecast_week,previous_week_actual,wow_change,wow_change_percent
2024-01-01,actual,actual,2.6269,2.6269,,0,0,0,,,
2024-01-02,actual,actual,3.4584,3.4584,,0,0,0,,,
2024-01-03,actual,actual,3.5941,3.5941,,0,0,0,,,
2024-01-04,actual,actual,3.4215,3.4215,,0,0,0,,,
2024-01-05,actual,actual,3.7686,3.7686,,0,0,0,,,
2024-01-06,actual,actual,5.1295,5.1295,,0,0,0,,,
2024-01-07,actual,actual,5.3039,5.3039,,0,0,0,,,
2024-01-08,actual,actual,3.2667,3.2667,,0,0,0,2.6269,0.6398000000000001,24.35570444249877
2024-01-09,actual,actual,3.1673,3.1673,,0,0,0,3.4584,-0.29110000000000014,-8.41718713856119
2024-01-10,actual,actual,3.3268,3.3268,,0,0,0,3.5941,-0.2673000000000001,-7.43718872596756
2024-01-11,actual,actual,3.0204,3.0204,,0,0,0,3.4215,-0.4011,-11.722928540113987
2024-01-12,actual,actual,3.3087,3.3087,,0,0,0,3.7686,-0.4599000000000002,-12.203470784906866
2024-01-13,actual,actual,5.1523,5.1523,,0,0,0,5.1295,0.022800000000000153,0.4444877668388762
2024-01-14,actual,actual,4.7478,4.7478,,0,0,0,5.3039,-0.5560999999999998,-10.484737645883216
2024-01-15,actual,actual,3.7452,3.7452,,0,0,0,3.2667,0.4784999999999999,14.647809716227384
2024-01-16,actual,actual,3.6981,3.6981,,0,0,0,3.1673,0.5308000000000002,16.75875351245541
2024-01-17,actual,actual,3.6719,3.6719,,0,0,0,3.3268,0.34509999999999996,10.373331730191174
2024-01-18,actual,actual,3.2135,3.2135,,0,0,0,3.0204,0.19309999999999983,6.393192954575547
2024-01-19,actual,actual,3.6251,3.6251,,0,0,0,3.3087,0.31640000000000024,9.562668117387501
2024-01-20,actual,actual,5.1297,5.1297,,0,0,0,5.1523,-0.02260000000000062,-0.4386390544029
2024-01-21,actual,actual,5.5133,5.5133,,0,0,0,4.7478,0.7655000000000003,16.123257087493162
2024-01-22,actual,actual,4.1834,4.1834,,0,0,0,3.7452,0.4381999999999997,11.700309729787453
2024-01-23,actual,actual,3.1199,3.1199,,0,0,0,3.6981,-0.5782000000000003,-15.63505583948515
2024-01-24,actual,actual,3.7769,3.7769,,0,0,0,3.6719,0.10499999999999998,2.8595549987744757
2024-01-25,actual,actual,3.5898,3.5898,,0,0,0,3.2135,0.3763000000000001,11.709973549089781
2024-01-26,actual,actual,3.6557,3.6557,,0,0,0,3.6251,0.03059999999999974,0.8441146451132311
2024-01-27,actual,actual,5.4364,5.4364,,0,0,0,5.1297,0.3067000000000002,5.978907148566197
2024-01-28,actual,actual,4.613,4.613,,0,0,0,5.5133,-0.9002999999999997,-16.329602960114624
2024-01-29,actual,actual,4.0909,4.0909,,0,0,0,4.1834,-0.09249999999999936,-2.211120141511674
2024-01-30,actual,actual,5.2235,5.2235,,0,0,0,3.1199,2.1035999999999997,67.42523798839706
2024-01-31,actual,actual,4.8394,4.8394,,0,0,0,3.7769,1.0625000000000004,28.131536445232875
2024-02-01,actual,actual,3.7631,3.7631,,0,0,0,3.5898,0.17330000000000023,4.827566995375793
2024-02-02,actual,actual,4.4334,4.4334,,0,0,0,3.6557,0.7776999999999998,21.27362748584402
2024-02-03,actual,actual,5.7434,5.7434,,0,0,0,5.4364,0.3070000000000004,5.64711941726143
2024-02-04,actual,actual,6.0872,6.0872,,0,0,0,4.613,1.4741999999999997,31.95751138088011
2024-02-05,actual,actual,3.613,3.613,,0,0,0,4.0909,-0.47790000000000044,-11.682025960057699
2024-02-06,actual,actual,4.0922,4.0922,,0,0,0,5.2235,-1.1312999999999995,-21.65789221786158
2024-02-07,actual,actual,4.9507,4.9507,,0,0,0,4.8394,0.11129999999999995,2.2998718849444133
2024-02-08,actual,actual,3.8027,3.8027,,0,0,0,3.7631,0.03960000000000008,1.0523238819058776
2024-02-09,actual,actual,4.1272,4.1272,,0,0,0,4.4334,-0.3061999999999996,-6.906663057698371
2024-02-10,actual,actual,6.2269,6.2269,,0,0,0,5.7434,0.4834999999999994,8.418358463627804
2024-02-11,actual,actual,5.9665,5.9665,,0,0,0,6.0872,-0.12070000000000025,-1.9828492574582772
2024-02-12,actual,actual,4.0433,4.0433,,0,0,0,3.613,0.43030000000000035,11.909770274010526
2024-02-13,actual,actual,3.3588,3.3588,,0,0,0,4.0922,-0.7334,-17.921900200381213
2024-02-14,actual,actual,3.6536,3.6536,,0,0,0,4.9507,-1.2971000000000004,-26.200335306118333
2024-02-15,actual,actual,3.8532,3.8532,,0,0,0,3.8027,0.05049999999999999,1.3280037867830747
2024-02-16,actual,actual,4.2609,4.2609,,0,0,0,4.1272,0.13370000000000015,3.2394843962008175
2024-02-17,actual,actual,6.4184,6.4184,,0,0,0,6.2269,0.19150000000000045,3.0753665547864983
2024-02-18,actual,actual,5.6449,5.6449,,0,0,0,5.9665,-0.3216000000000001,-5.390094695382555
2024-02-19,actual,actual,3.9532,3.9532,,0,0,0,4.0433,-0.09010000000000051,-2.2283778102045484
2024-02-20,actual,actual,3.7385,3.7385,,0,0,0,3.3588,0.37970000000000015,11.304632606883414
2024-02-21,actual,actual,3.9941,3.9941,,0,0,0,3.6536,0.3405,9.319575213488067
2024-02-22,actual,actual,4.3552,4.3552,,0,0,0,3.8532,0.5019999999999998,13.028132461330836
2024-02-23,actual,actual,4.8148,4.8148,,0,0,0,4.2609,0.5538999999999996,12.999601023257986
2024-02-24,actual,actual,5.5896,5.5896,,0,0,0,6.4184,-0.8288000000000002,-12.912875482986417
2024-02-25,actual,actual,5.4268,5.4268,,0,0,0,5.6449,-0.21809999999999974,-3.863664546759017
2024-02-26,actual,actual,4.1064,4.1064,,0,0,0,3.9532,0.1532,3.875341495497319
2024-02-27,actual,actual,3.7347,3.7347,,0,0,0,3.7385,-0.0038000000000000256,-0.10164504480406648
2024-02-28,actual,actual,4.1358,4.1358,,0,0,0,3.9941,0.14169999999999972,3.5477329060363965
2024-02-29,actual,actual,3.9669,3.9669,,0,0,0,4.3552,-0.3883000000000001,-8.915778839088908
2024-03-01,actual,actual,4.5192,4.5192,,0,0,0,4.8148,-0.2956000000000003,-6.139403505856947
2024-03-02,actual,actual,6.0541,6.0541,,0,0,0,5.5896,0.46450000000000014,8.310075855159585
2024-03-03,actual,actual,5.8799,5.8799,,0,0,0,5.4268,0.45310000000000006,8.349303456917522
2024-03-04,actual,actual,4.1105,4.1105,,0,0,0,4.1064,0.004100000000000215,0.09984414572375352
2024-03-05,actual,actual,4.0226,4.0226,,0,0,0,3.7347,0.2878999999999996,7.7087851768548905
2024-03-06,actual,actual,3.6771,3.6771,,0,0,0,4.1358,-0.4586999999999999,-11.090961845350353
2024-03-07,actual,actual,4.6323,4.6323,,0,0,0,3.9669,0.6654,16.773803221659232
2024-03-08,actual,actual,4.3648,4.3648,,0,0,0,4.5192,-0.15439999999999987,-3.416533899805273
2024-03-09,actual,actual,6.1285,6.1285,,0,0,0,6.0541,0.0743999999999998,1.2289192448092994
2024-03-10,actual,actual,6.0776,6.0776,,0,0,0,5.8799,0.1977000000000002,3.3623020799673498
2024-03-11,actual,actual,4.2197,4.2197,,0,0,0,4.1105,0.10919999999999952,2.6566111178688607
2024-03-12,actual,actual,3.8982,3.8982,,0,0,0,4.0226,-0.12439999999999962,-3.0925272212002097
2024-03-13,actual,actual,4.1783,4.1783,,0,0,0,3.6771,0.5012000000000003,13.63030649152866
2024-03-14,actual,actual,4.6323,4.6323,,0,0,0,4.6323,0.0,0.0
2024-03-15,actual,actual,4.5019,4.5019,,0,0,0,4.3648,0.13710000000000022,3.141037390029331
2024-03-16,actual,actual,5.427,5.427,,0,0,0,6.1285,-0.7015000000000002,-11.446520355715107
2024-03-17,actual,actual,5.876,5.876,,0,0,0,6.0776,-0.2016,-3.3170988548111096
2024-03-18,actual,actual,3.5276,3.5276,,0,0,0,4.2197,-0.6920999999999995,-16.40163992700902
2024-03-19,actual,actual,3.0914,3.0914,,0,0,0,3.8982,-0.8068,-20.696731824944845
2024-03-20,actual,actual,3.6042,3.6042,,0,0,0,4.1783,-0.5741,-13.740037814422134
2024-03-21,actual,actual,4.7741,4.7741,,0,0,0,4.6323,0.14179999999999993,3.061114349243355
2024-03-22,actual,actual,4.0113,4.0113,,0,0,0,4.5019,-0.4905999999999997,-10.897621004464774
2024-03-23,actual,actual,4.1534,4.1534,,0,0,0,5.427,-1.2735999999999992,-23.46784595540813
2024-03-24,actual,actual,3.4654,3.4654,,0,0,0,5.876,-2.4106000000000005,-41.02450646698435
2024-03-25,actual,actual,3.676,3.676,,0,0,0,3.5276,0.1484000000000001,4.206826170767663
2024-03-26,actual,actual,4.8629,4.8629,,0,0,0,3.0914,1.7714999999999996,57.30413404929804
2024-03-27,actual,actual,3.4044,3.4044,,0,0,0,3.6042,-0.1998000000000002,-5.543532545363748
2024-03-28,actual,actual,3.2824,3.2824,,0,0,0,4.7741,-1.4916999999999998,-31.245679813996354
2024-03-29,actual,actual,3.8958,3.8958,,0,0,0,4.0113,-0.11550000000000038,-2.87936579163863
2024-03-30,actual,actual,5.2714,5.2714,,0,0,0,4.1534,1.1179999999999994,26.917705975827015
2024-03-31,actual,actual,4.9234,4.9234,,0,0,0,3.4654,1.4580000000000002,42.073065158423276
2024-04-01,actual,actual,4.5688,4.5688,,0,0,0,3.676,0.8928000000000003,24.28726877040262
2024-04-02,actual,actual,4.6271,4.6271,,0,0,0,4.8629,-0.23579999999999934,-4.848958440436763
2024-04-03,actual,actual,3.553,3.553,,0,0,0,3.4044,0.14860000000000007,4.364939490071674
2024-04-04,actual,actual,3.5623,3.5623,,0,0,0,3.2824,0.27990000000000004,8.527297099683159
2024-04-05,actual,actual,3.7686,3.7686,,0,0,0,3.8958,-0.12719999999999976,-3.2650546742645865
2024-04-06,actual,actual,6.2344,6.2344,,0,0,0,5.2714,0.9630000000000001,18.268391698599995
2024-04-07,actual,actual,5.1406,5.1406,,0,0,0,4.9234,0.21720000000000006,4.411585489702239
2024-04-08,actual,actual,3.7091,3.7091,,0,0,0,4.5688,-0.8597000000000006,-18.816757135352837
2024-04-09,actual,actual,2.9744,2.9744,,0,0,0,4.6271,-1.6527000000000003,-35.71783622571373
2024-04-10,actual,actual,3.1593,3.1593,,0,0,0,3.553,-0.39369999999999994,-11.080776808330986
2024-04-11,actual,actual,4.3729,4.3729,,0,0,0,3.5623,0.8105999999999995,22.75496168205933
2024-04-12,actual,actual,3.98,3.98,,0,0,0,3.7686,0.2113999999999998,5.609510162925218
2024-04-13,actual,actual,5.6807,5.6807,,0,0,0,6.2344,-0.5537000000000001,-8.881367894264084
2024-04-14,actual,actual,5.538,5.538,,0,0,0,5.1406,0.3974000000000002,7.73061510329534
2024-04-15,actual,actual,3.661,3.661,,0,0,0,3.7091,-0.04809999999999981,-1.2968105470329678
2024-04-16,actual,actual,3.1164,3.1164,,0,0,0,2.9744,0.1419999999999999,4.774072081764387
2024-04-17,actual,actual,3.5088,3.5088,,0,0,0,3.1593,0.3494999999999999,11.062577153166838
2024-04-18,actual,actual,4.6921,4.6921,,0,0,0,4.3729,0.3192000000000004,7.299503761805676
2024-04-19,actual,actual,4.3764,4.3764,,0,0,0,3.98,0.3964000000000003,9.959798994974882
2024-04-20,actual,actual,5.5591,5.5591,,0,0,0,5.6807,-0.12159999999999993,-2.140581266393225
2024-04-21,actual,actual,5.8452,5.8452,,0,0,0,5.538,0.3071999999999999,5.547128927410617
2024-04-22,actual,actual,3.8034,3.8034,,0,0,0,3.661,0.14239999999999986,3.889647637257576
2024-04-23,actual,actual,3.6405,3.6405,,0,0,0,3.1164,0.5240999999999998,16.817481709664992
2024-04-24,actual,actual,4.7595,4.7595,,0,0,0,3.5088,1.2507000000000001,35.64466484268126
2024-04-25,actual,actual,3.5023,3.5023,,0,0,0,4.6921,-1.1898,-25.357515824470916
2024-04-26,actual,actual,3.7497,3.7497,,0,0,0,4.3764,-0.6267000000000005,-14.319989032081173
2024-04-27,actual,actual,5.8569,5.8569,,0,0,0,5.5591,0.2978000000000005,5.35698224532749
2024-04-28,actual,actual,5.6631,5.6631,,0,0,0,5.8452,-0.18210000000000015,-3.115376719359477
2024-04-29,actual,actual,3.3757,3.3757,,0,0,0,3.8034,-0.42769999999999975,-11.24520166167113
2024-04-30,actual,actual,2.1931,2.1931,,0,0,0,3.6405,-1.4474,-39.758274962230466
2024-05-01,actual,actual,2.7718,2.7718,,0,0,0,4.7595,-1.9877000000000002,-41.76279020905558
2024-05-02,actual,actual,3.9681,3.9681,,0,0,0,3.5023,0.4658000000000002,13.299831539274198
2024-05-03,actual,actual,4.4643,4.4643,,0,0,0,3.7497,0.7145999999999999,19.057524601968158
2024-05-04,actual,actual,6.214,6.214,,0,0,0,5.8569,0.3571,6.09708207413478
2024-05-05,actual,actual,5.263,5.263,,0,0,0,5.6631,-0.4001000000000001,-7.0650350514735765
2024-05-06,actual,actual,3.8917,3.8917,,0,0,0,3.3757,0.516,15.285718517640786
2024-05-07,actual,actual,2.5784,2.5784,,0,0,0,2.1931,0.3853,17.568738315626284
2024-05-08,actual,actual,2.5608,2.5608,,0,0,0,2.7718,-0.21099999999999985,-7.612381845732011
2024-05-09,actual,actual,3.3322,3.3322,,0,0,0,3.9681,-0.6359000000000004,-16.02530178170914
2024-05-10,actual,actual,4.0437,4.0437,,0,0,0,4.4643,-0.4205999999999994,-9.421409851488463
2024-05-11,actual,actual,5.3292,5.3292,,0,0,0,6.214,-0.8848000000000003,-14.238815577727715
2024-05-12,actual,actual,5.7911,5.7911,,0,0,0,5.263,0.5281000000000002,10.034201026030786
2024-05-13,actual,actual,3.8133,3.8133,,0,0,0,3.8917,-0.07840000000000025,-2.014543772644352
2024-05-14,actual,actual,3.3914,3.3914,,0,0,0,2.5784,0.8130000000000002,31.53118212845176
2024-05-15,actual,actual,3.6262,3.6262,,0,0,0,2.5608,1.0654,41.60418619181506
2024-05-16,actual,actual,4.0162,4.0162,,0,0,0,3.3322,0.6840000000000006,20.52697917291881
2024-05-16,ARIMA,forecast,4.028261823969216,4.0162,4.028261823969216,1,1,1,3.3322,0.6960618239692162,20.8889569644444
2024-05-16,ES,forecast,3.7216593602423362,4.0162,3.7216593602423362,1,1,1,3.3322,0.3894593602423364,11.687754643849003
2024-05-16,mean,forecast,4.291391911764706,4.0162,4.291391911764706,1,1,1,3.3322,0.9591919117647065,28.785544438050138
2024-05-16,naive,forecast,3.6262,4.0162,3.6262,1,1,1,3.3322,0.29400000000000004,8.82299981993878
2024-05-16,seasonal_naive,forecast,3.1164,4.0162,3.1164,1,1,1,3.3322,-0.21579999999999977,-6.476201908648934
2024-05-17,actual,actual,4.1075,4.1075,,0,0,0,4.0437,0.06379999999999963,1.5777629398817823
2024-05-17,ARIMA,forecast,4.286881340662777,4.1075,4.286881340662777,1,2,1,4.0437,0.24318134066277697,6.013832397625367
2024-05-17,ES,forecast,3.9286657317880453,4.1075,3.9286657317880453,1,2,1,4.0437,-0.11503426821195495,-2.844777510991294
2024-05-17,mean,forecast,4.291391911764706,4.1075,4.291391911764706,1,2,1,4.0437,0.24769191176470606,6.125378039041126
2024-05-17,naive,forecast,3.6262,4.1075,3.6262,1,2,1,4.0437,-0.4175000000000004,-10.324702623834616
2024-05-17,seasonal_naive,forecast,3.5088,4.1075,3.5088,1,2,1,4.0437,-0.5349000000000004,-13.227984271830262
2024-05-18,actual,actual,5.197,5.197,,0,0,0,5.3292,-0.1322000000000001,-2.4806725212039344
2024-05-18,ARIMA,forecast,5.408289006991634,5.197,5.408289006991634,1,3,1,5.3292,0.07908900699163368,1.4840690345949425
2024-05-18,ES,forecast,5.458398884238411,5.197,5.458398884238411,1,3,1,5.3292,0.12919888423841108,2.4243579568867952
2024-05-18,mean,forecast,4.291391911764706,5.197,4.291391911764706,1,3,1,5.3292,-1.0378080882352938,-19.473993999761575
2024-05-18,naive,forecast,3.6262,5.197,3.6262,1,3,1,5.3292,-1.7030000000000003,-31.956015912332063
2024-05-18,seasonal_naive,forecast,4.6921,5.197,4.6921,1,3,1,5.3292,-0.6371000000000002,-11.954890039780834
2024-05-19,actual,actual,6.8511,6.8511,,0,0,0,5.7911,1.0599999999999996,18.30394916337137
2024-05-19,ARIMA,forecast,5.562503805075048,6.8511,5.562503805075048,1,4,1,5.7911,-0.2285961949249522,-3.9473708781570376
2024-05-19,ES,forecast,5.24954128099673,6.8511,5.24954128099673,1,4,1,5.7911,-0.5415587190032705,-9.351569114732442
2024-05-19,mean,forecast,4.291391911764706,6.8511,4.291391911764706,1,4,1,5.7911,-1.4997080882352938,-25.896774157505376
2024-05-19,naive,forecast,3.6262,6.8511,3.6262,1,4,1,5.7911,-2.1649000000000003,-37.383225984700665
2024-05-19,seasonal_naive,forecast,4.3764,6.8511,4.3764,1,4,1,5.7911,-1.4146999999999998,-24.428864982473105
2024-05-20,actual,actual,4.1643,4.1643,,0,0,0,3.8133,0.351,9.20462591456219
2024-05-20,ARIMA,forecast,3.9882950562294868,4.1643,3.9882950562294868,1,5,1,3.8133,0.17499505622948686,4.5890713090888955
2024-05-20,ES,forecast,3.6630925681592026,4.1643,3.6630925681592026,1,5,1,3.8133,-0.15020743184079732,-3.9390405119134955
2024-05-20,mean,forecast,4.291391911764706,4.1643,4.291391911764706,1,5,1,3.8133,0.47809191176470645,12.537484901914523
2024-05-20,naive,forecast,3.6262,4.1643,3.6262,1,5,1,3.8133,-0.18710000000000004,-4.906511420554377
2024-05-20,seasonal_naive,forecast,5.5591,4.1643,5.5591,1,5,1,3.8133,1.7458,45.781868722628694
2024-05-21,actual,actual,3.7685,3.7685,,0,0,0,3.3914,0.3771,11.1193017632836
2024-05-21,ARIMA,forecast,3.12552589231281,3.7685,3.12552589231281,1,6,1,3.3914,-0.26587410768719,-7.839656415851566
2024-05-21,ES,forecast,3.4631920631437403,3.7685,3.4631920631437403,1,6,1,3.3914,0.07179206314374031,2.116885744640571
2024-05-21,mean,forecast,4.291391911764706,3.7685,4.291391911764706,1,6,1,3.3914,0.8999919117647064,26.53747454634388
2024-05-21,naive,forecast,3.6262,3.7685,3.6262,1,6,1,3.3914,0.2347999999999999,6.923394468361146
2024-05-21,seasonal_naive,forecast,5.8452,3.7685,5.8452,1,6,1,3.3914,2.4538,72.35360028306894
2024-05-22,actual,actual,2.7442,2.7442,,0,0,0,3.6262,-0.8819999999999997,-24.322982736749204
2024-05-22,ARIMA,forecast,3.717120283972691,2.7442,3.717120283972691,1,7,1,3.6262,0.09092028397269125,2.5073157567892355
2024-05-22,ES,forecast,3.601138909184513,2.7442,3.601138909184513,1,7,1,3.6262,-0.025061090815486686,-0.691111654500212
2024-05-22,mean,forecast,4.291391911764706,2.7442,4.291391911764706,1,7,1,3.6262,0.6651919117647065,18.344049191018325
2024-05-22,naive,forecast,3.6262,2.7442,3.6262,1,7,1,3.6262,0.0,0.0
2024-05-22,seasonal_naive,forecast,3.8034,2.7442,3.8034,1,7,1,3.6262,0.17720000000000002,4.886658209696101
2024-05-23,actual,actual,3.2694,3.2694,,0,0,0,4.0162,-0.7468000000000004,-18.594691499427327
2024-05-23,ARIMA,forecast,4.0424229353057735,3.2694,4.0424229353057735,1,8,2,4.0162,0.02622293530577302,0.6529290201128684
2024-05-23,ES,forecast,3.7367359834497877,3.2694,3.7367359834497877,1,8,2,4.0162,-0.2794640165502127,-6.9584188175442625
2024-05-23,mean,forecast,4.291391911764706,3.2694,4.291391911764706,1,8,2,4.0162,0.2751919117647059,6.85204700375245
2024-05-23,naive,forecast,3.6262,3.2694,3.6262,1,8,2,4.0162,-0.39000000000000057,-9.710671779293872
2024-05-23,seasonal_naive,forecast,3.6405,3.2694,3.6405,1,8,2,4.0162,-0.3757000000000006,-9.3546138140531
2024-05-24,actual,actual,3.5867,3.5867,,0,0,0,4.1075,-0.5207999999999999,-12.679245283018867
2024-05-24,ARIMA,forecast,4.31988576437164,3.5867,4.31988576437164,1,9,2,4.1075,0.21238576437164003,5.170682029741693
2024-05-24,ES,forecast,3.943742354995497,3.5867,3.943742354995497,1,9,2,4.1075,-0.16375764500450307,-3.9867959830676343
2024-05-24,mean,forecast,4.291391911764706,3.5867,4.291391911764706,1,9,2,4.1075,0.18389191176470643,4.476978983924685
2024-05-24,naive,forecast,3.6262,3.5867,3.6262,1,9,2,4.1075,-0.48130000000000006,-11.717589774802192
2024-05-24,seasonal_naive,forecast,4.7595,3.5867,4.7595,1,9,2,4.1075,0.6520000000000001,15.873402312842366
2024-05-25,actual,actual,4.247,4.247,,0,0,0,5.197,-0.9500000000000002,-18.279776794304407
2024-05-25,ARIMA,forecast,5.39374653826487,4.247,5.39374653826487,1,10,2,5.197,0.1967465382648701,3.785771373193575
2024-05-25,ES,forecast,5.473475507445864,4.247,5.473475507445864,1,10,2,5.197,0.2764755074458636,5.319905858107823
2024-05-25,mean,forecast,4.291391911764706,4.247,4.291391911764706,1,10,2,5.197,-0.9056080882352937,-17.425593385324103
2024-05-25,naive,forecast,3.6262,4.247,3.6262,1,10,2,5.197,-1.5708000000000002,-30.225129882624596
2024-05-25,seasonal_naive,forecast,3.5023,4.247,3.5023,1,10,2,5.197,-1.6947,-32.60919761400808
2024-05-26,actual,actual,4.3073,4.3073,,0,0,0,6.8511,-2.5438,-37.12980397308462
2024-05-26,ARIMA,forecast,5.536292958409257,4.3073,5.536292958409257,1,11,2,6.8511,-1.3148070415907425,-19.19118158530371
2024-05-26,ES,forecast,5.264617904204181,4.3073,5.264617904204181,1,11,2,6.8511,-1.5864820957958186,-23.15660398761978
2024-05-26,mean,forecast,4.291391911764706,4.3073,4.291391911764706,1,11,2,6.8511,-2.5597080882352934,-37.36200155063119
2024-05-26,naive,forecast,3.6262,4.3073,3.6262,1,11,2,6.8511,-3.2249,-47.07127322619725
2024-05-26,seasonal_naive,forecast,3.7497,4.3073,3.7497,1,11,2,6.8511,-3.1014,-45.26864299163638
2024-05-27,actual,actual,3.5036,3.5036,,0,0,0,4.1643,-0.6606999999999998,-15.865811781091658
2024-05-27,ARIMA,forecast,4.000270781547012,3.5036,4.000270781547012,1,12,2,4.1643,-0.16402921845298746,-3.938938559973764
2024-05-27,ES,forecast,3.678169191366654,3.5036,3.678169191366654,1,12,2,4.1643,-0.4861308086333458,-11.673770108621996
2024-05-27,mean,forecast,4.291391911764706,3.5036,4.291391911764706,1,12,2,4.1643,0.12709191176470647,3.0519393839230236
2024-05-27,naive,forecast,3.6262,3.5036,3.6262,1,12,2,4.1643,-0.5381,-12.921739548063302
2024-05-27,seasonal_naive,forecast,5.8569,3.5036,5.8569,1,12,2,4.1643,1.6926000000000005,40.645486636409494
2024-05-28,actual,actual,3.2681,3.2681,,0,0,0,3.7685,-0.5004,-13.278492769006235
2024-05-28,ARIMA,forecast,3.1290023158284788,3.2681,3.1290023158284788,1,13,2,3.7685,-0.6394976841715212,-16.969555106050716
2024-05-28,ES,forecast,3.478268686351192,3.2681,3.478268686351192,1,13,2,3.7685,-0.29023131364880816,-7.70150759317522
2024-05-28,mean,forecast,4.291391911764706,3.2681,4.291391911764706,1,13,2,3.7685,0.5228919117647064,13.875332672540969
2024-05-28,naive,forecast,3.6262,3.2681,3.6262,1,13,2,3.7685,-0.1423000000000001,-3.7760382114899858
2024-05-28,seasonal_naive,forecast,5.6631,3.2681,5.6631,1,13,2,3.7685,1.8946,50.274645084251034
2024-05-29,actual,actual,2.5854,2.5854,,0,0,0,2.7442,-0.15880000000000027,-5.786750236863212
2024-05-29,ARIMA,forecast,3.6962170276666835,2.5854,3.6962170276666835,1,14,2,2.7442,0.9520170276666833,34.6919695236019
2024-05-29,ES,forecast,3.6162155323919647,2.5854,3.6162155323919647,1,14,2,2.7442,0.8720155323919645,31.77667562101758
2024-05-29,mean,forecast,4.291391911764706,2.5854,4.291391911764706,1,14,2,2.7442,1.5471919117647062,56.380435528194226
2024-05-29,naive,forecast,3.6262,2.5854,3.6262,1,14,2,2.7442,0.8819999999999997,32.140514539756566
2024-05-29,seasonal_naive,forecast,3.3757,2.5854,3.3757,1,14,2,2.7442,0.6315,23.0121711245536
2024-05-30,actual,actual,3.1411,3.1411,,0,0,0,3.2694,-0.1283000000000003,-3.9242674496849665
2024-05-30,ARIMA,forecast,4.055818456817018,3.1411,4.055818456817018,1,15,2,3.2694,0.7864184568170183,24.053907653300858
2024-05-30,ES,forecast,3.7518126066572393,3.1411,3.7518126066572393,1,15,2,3.2694,0.4824126066572392,14.75538651303723
2024-05-30,mean,forecast,4.291391911764706,3.1411,4.291391911764706,1,15,2,3.2694,1.0219919117647063,31.25931093670723
2024-05-30,naive,forecast,3.6262,3.1411,3.6262,1,15,2,3.2694,0.3567999999999998,10.913317428274294
2024-05-30,seasonal_naive,forecast,2.1931,3.1411,2.1931,1,15,2,3.2694,-1.0763000000000003,-32.92041353153485
